{"stats":{"minecraft:killed":{"minecraft:pig":4,"minecraft:cow":2},"minecraft:crafted":{"minecraft:wooden_sword":1,"minecraft:oak_planks":40,"minecraft:crafting_table":6,"minecraft:wooden_pickaxe":3,"minecraft:furnace":1,"minecraft:stone_axe":2,"minecraft:bread":12,"minecraft:air":0,"regions_unexplored:redwood_planks":92,"minecraft:stick":32,"minecraft:iron_ingot":2,"minecraft:stone_pickaxe":2,"minecraft:wooden_axe":2,"minecraft:stone_sword":1,"regions_unexplored:redwood_boat":1,"minecraft:wheat":36},"minecraft:killed_by":{"endofherobrine:cow":1,"grimoireofgaia:cecaelia":1,"grimoireofgaia:bone_knight":1,"minecraft:skeleton":1,"grimoireofgaia:mandragora":1},"minecraft:picked_up":{"minecraft:crafting_table":2,"minecraft:cooked_beef":2,"minecraft:leather":2,"regions_unexplored:meadow_sage":1,"minecraft:oak_stairs":4,"minecraft:stone_brick_wall":1,"minecraft:stone_brick_stairs":1,"minecraft:oak_log":34,"minecraft:dirt":5,"minecraft:cooked_mutton":3,"minecraft:bone":2,"minecraft:stone_bricks":3,"minecraft:cracked_stone_bricks":2,"minecraft:wheat_seeds":10,"minecraft:beef":2,"minecraft:lectern":1,"regions_unexplored:redwood_log":23,"minecraft:raw_iron":2,"minecraft:oak_door":2,"minecraft:torch":2,"minecraft:porkchop":10,"minecraft:carrot":1,"regions_unexplored:daisy":1,"regions_unexplored:hyssop":3,"minecraft:arrow":2,"regions_unexplored:fireweed":1,"born_in_chaos_v1:fire_dust":2,"minecraft:peony":2,"minecraft:hay_block":41,"minecraft:coal":10,"minecraft:cobblestone":77},"minecraft:custom":{"lootr:looted_stat":22,"minecraft:interact_with_furnace":4,"minecraft:mob_kills":6,"minecraft:interact_with_crafting_table":16,"minecraft:leave_game":5,"minecraft:time_since_death":21640,"minecraft:sleep_in_bed":4,"minecraft:climb_one_cm":1658,"minecraft:time_since_rest":2790,"minecraft:sprint_one_cm":334594,"minecraft:damage_taken":3335,"minecraft:walk_one_cm":462941,"minecraft:damage_dealt":1081,"minecraft:talked_to_villager":2,"minecraft:swim_one_cm":22565,"minecraft:fly_one_cm":269883,"minecraft:crouch_one_cm":24711,"minecraft:play_time":71730,"minecraft:deaths":11,"minecraft:sneak_time":4350,"minecraft:walk_under_water_one_cm":13455,"minecraft:boat_one_cm":215280,"minecraft:jump":1136,"minecraft:walk_on_water_one_cm":35613,"minecraft:total_world_time":71730,"minecraft:fall_one_cm":52053},"minecraft:used":{"minecraft:cooked_mutton":3,"minecraft:stone_pickaxe":29,"minecraft:wooden_pickaxe":78,"minecraft:cracked_stone_bricks":1,"minecraft:torch":1,"minecraft:crafting_table":7,"minecraft:wooden_axe":1,"minecraft:bread":2,"regions_unexplored:redwood_boat":1,"minecraft:stone_brick_stairs":1,"minecraft:stone_bricks":3,"minecraft:stone_axe":30,"minecraft:cobblestone":14,"minecraft:beef":1,"minecraft:furnace":1,"minecraft:porkchop":5,"minecraft:cooked_beef":2},"minecraft:mined":{"minecraft:podzol":5,"minecraft:mossy_cobblestone":1,"minecraft:oak_door":1,"minecraft:crafting_table":2,"minecraft:stone_brick_wall":1,"minecraft:lectern":1,"minecraft:cobblestone":18,"regions_unexplored:meadow_sage":1,"minecraft:wall_torch":1,"minecraft:large_fern":12,"minecraft:hay_block":42,"regions_unexplored:hyssop":4,"minecraft:carrots":1,"minecraft:iron_ore":2,"minecraft:stone_brick_stairs":1,"minecraft:peony":3,"minecraft:grass":45,"minecraft:oak_log":34,"minecraft:coal_ore":10,"minecraft:oak_stairs":4,"regions_unexplored:medium_grass":36,"minecraft:cracked_stone_bricks":2,"minecraft:stone_bricks":3,"minecraft:stone":64,"regions_unexplored:redwood_log":19,"regions_unexplored:windswept_grass":1,"minecraft:oak_leaves":6,"regions_unexplored:fireweed":1,"minecraft:fern":25}},"DataVersion":3465}