{"stats":{"minecraft:mined":{"minecraft:grass":2,"regions_unexplored:sandy_tall_grass":1,"regions_unexplored:redwood_log":30,"regions_unexplored:redwood_branch":1,"regions_unexplored:redwood_leaves":9,"minecraft:fern":2,"minecraft:oak_leaves":1,"minecraft:crafting_table":1,"regions_unexplored:sandy_grass":2},"minecraft:used":{"minecraft:crafting_table":1,"regions_unexplored:redwood_boat":2},"minecraft:killed_by":{"grimoireofgaia:cecaelia":1},"minecraft:custom":{"minecraft:time_since_rest":6356,"minecraft:crouch_one_cm":1229,"minecraft:play_time":14169,"minecraft:sprint_one_cm":21572,"minecraft:deaths":1,"minecraft:damage_taken":375,"minecraft:walk_one_cm":43169,"minecraft:sneak_time":716,"minecraft:walk_under_water_one_cm":10037,"minecraft:mob_kills":2,"minecraft:boat_one_cm":72225,"minecraft:jump":198,"minecraft:damage_dealt":220,"minecraft:leave_game":2,"minecraft:time_since_death":6264,"minecraft:walk_on_water_one_cm":2917,"minecraft:swim_one_cm":9299,"minecraft:total_world_time":14169,"minecraft:interact_with_crafting_table":3,"minecraft:fall_one_cm":8125,"minecraft:fly_one_cm":70004},"minecraft:crafted":{"regions_unexplored:redwood_planks":24,"regions_unexplored:redwood_boat":1,"minecraft:crafting_table":1,"minecraft:stick":4,"minecraft:wooden_pickaxe":1},"minecraft:killed":{"born_in_chaos_v1:baby_skeleton":1,"minecraft:cow":1},"minecraft:picked_up":{"minecraft:stick":3,"minecraft:crafting_table":1,"minecraft:bone":1,"regions_unexplored:redwood_boat":2,"minecraft:leather":1,"minecraft:beef":1,"regions_unexplored:redwood_sapling":2,"regions_unexplored:redwood_log":30}},"DataVersion":3465}