{"stats":{"minecraft:used":{"minecraft:firework_rocket":189,"twilightforest:fiery_sword":4,"minecraft:spruce_planks":24,"minecraft:splash_potion":60},"minecraft:custom":{"minecraft:time_since_rest":17786,"lootr:looted_stat":13,"minecraft:sprint_one_cm":66723,"minecraft:damage_taken":320,"minecraft:walk_one_cm":119768,"minecraft:mob_kills":10,"minecraft:drop":7,"minecraft:damage_dealt":463,"minecraft:swim_one_cm":14713,"minecraft:fly_one_cm":870645,"minecraft:play_time":41483,"minecraft:deaths":1,"minecraft:sneak_time":463,"minecraft:walk_under_water_one_cm":59234,"minecraft:aviate_one_cm":1708064,"minecraft:jump":352,"minecraft:leave_game":3,"minecraft:walk_on_water_one_cm":17894,"minecraft:time_since_death":17760,"minecraft:total_world_time":41483,"minecraft:fall_one_cm":613,"minecraft:inspect_dispenser":2,"minecraft:horse_one_cm":2961},"minecraft:picked_up":{"aquamirae:frozen_key":1,"aquamirae:ship_graveyard_echo":1,"minecraft:filled_map":1,"aquamirae:three_bolt_helmet":1,"minecraft:jungle_planks":1,"minecraft:crimson_planks":2,"regions_unexplored:pink_lupine":1,"minecraft:flint_and_steel":1,"cataclysm:meat_shredder":1,"minecraft:bone":3,"minecraft:arrow":4,"minecraft:spruce_planks":6,"dungeonnowloading:dungeon_wall_torch":1,"regions_unexplored:clover":7,"aquamirae:treasure_pouch":1,"minecraft:emerald":2,"minecraft:oak_button":1},"minecraft:killed":{"minecraft:skeleton":4,"minecraft:pillager":1,"aquamirae:maze_mother":1,"minecraft:vindicator":1,"aquamirae:tortured_soul":2},"minecraft:killed_by":{"mythicmounts:dragon":1},"minecraft:dropped":{"minecraft:filled_map":1,"aquamirae:three_bolt_helmet":1,"cataclysm:meat_shredder":2,"regions_unexplored:pink_lupine":1,"minecraft:flint_and_steel":2}},"DataVersion":3465}