{"stats":{"minecraft:killed":{"born_in_chaos_v1:baby_skeleton":1,"minecraft:sheep":7,"grimoireofgaia:harpy":1,"endofherobrine:sheep":26,"minecraft:cow":6},"minecraft:dropped":{"minecraft:cooked_beef":4,"minecraft:feather":1,"minecraft:cooked_mutton":3},"minecraft:crafted":{"minecraft:cooked_beef":10,"minecraft:cooked_cod":3,"minecraft:crafting_table":6,"minecraft:wooden_pickaxe":1,"minecraft:furnace":1,"minecraft:cooked_mutton":13,"minecraft:air":0,"regions_unexplored:redwood_planks":120,"minecraft:stick":4,"minecraft:stone_pickaxe":1,"minecraft:stone_sword":2,"minecraft:white_bed":2,"regions_unexplored:redwood_boat":2},"minecraft:broken":{"minecraft:stone_sword":1},"minecraft:killed_by":{"grimoireofgaia:cecaelia":2,"minecraft:skeleton":2,"grimoireofgaia:harpy":1,"born_in_chaos_v1:corpse_fish":1},"minecraft:picked_up":{"minecraft:crafting_table":3,"minecraft:feather":1,"minecraft:cooked_beef":2,"minecraft:clay_ball":4,"regions_unexplored:cherry_shrub":1,"minecraft:leather":6,"minecraft:oak_stairs":1,"minecraft:filled_map":1,"minecraft:red_bed":1,"minecraft:bone":1,"minecraft:wheat_seeds":2,"minecraft:beef":10,"regions_unexplored:redwood_sapling":7,"minecraft:iron_nugget":1,"minecraft:lectern":2,"regions_unexplored:redwood_planks":116,"regions_unexplored:redwood_log":75,"minecraft:furnace":6,"minecraft:book":12,"minecraft:stick":7,"regions_unexplored:redwood_boat":5,"minecraft:blast_furnace":1,"regions_unexplored:daisy":1,"regions_unexplored:hyssop":1,"regions_unexplored:mauve_sapling":1,"minecraft:beetroot_seeds":2,"regions_unexplored:mauve_log":5,"minecraft:hay_block":30,"minecraft:gray_wool":1,"minecraft:mutton":13,"minecraft:white_wool":6,"minecraft:cobblestone":44},"minecraft:mined":{"minecraft:red_bed":1,"alexsmobs:leafcutter_anthill":1,"minecraft:clay":1,"minecraft:crafting_table":3,"minecraft:blast_furnace":1,"minecraft:lectern":2,"alexsmobs:leafcutter_ant_chamber":1,"minecraft:cobblestone":7,"regions_unexplored:mauve_log":5,"minecraft:hay_block":30,"farmersdelight:wild_beetroots":2,"regions_unexplored:hyssop":1,"minecraft:furnace":6,"regions_unexplored:sandy_tall_grass":2,"regions_unexplored:redwood_leaves":97,"regions_unexplored:mauve_leaves":33,"regions_unexplored:redwood_branch":1,"minecraft:stone_brick_stairs":1,"regions_unexplored:sandy_grass":8,"minecraft:grass":3,"minecraft:bookshelf":5,"regions_unexplored:cherry_shrub":1,"minecraft:oak_stairs":1,"minecraft:stone_bricks":2,"minecraft:stone":36,"regions_unexplored:redwood_log":74,"minecraft:mossy_stone_bricks":1,"minecraft:oak_leaves":4,"minecraft:fern":3},"minecraft:custom":{"lootr:looted_stat":10,"minecraft:interact_with_furnace":29,"minecraft:mob_kills":44,"minecraft:interact_with_cartography_table":3,"minecraft:interact_with_crafting_table":15,"minecraft:bell_ring":1,"minecraft:leave_game":8,"minecraft:time_since_death":15873,"minecraft:sleep_in_bed":3,"minecraft:climb_one_cm":1854,"minecraft:time_since_rest":2327,"minecraft:sprint_one_cm":231858,"minecraft:damage_taken":2250,"minecraft:walk_one_cm":430573,"minecraft:drop":6,"minecraft:damage_dealt":4082,"minecraft:swim_one_cm":17945,"minecraft:talked_to_villager":1,"minecraft:fly_one_cm":369995,"minecraft:crouch_one_cm":11814,"minecraft:play_time":87155,"minecraft:deaths":6,"minecraft:sneak_time":4424,"minecraft:walk_under_water_one_cm":17170,"minecraft:boat_one_cm":210773,"minecraft:jump":1060,"minecraft:walk_on_water_one_cm":12526,"minecraft:total_world_time":87155,"minecraft:fall_one_cm":27693},"minecraft:used":{"minecraft:cooked_mutton":9,"minecraft:stone_sword":119,"minecraft:stone_pickaxe":29,"minecraft:wooden_pickaxe":35,"regions_unexplored:redwood_planks":14,"minecraft:crafting_table":5,"minecraft:red_bed":1,"minecraft:white_bed":2,"regions_unexplored:hyssop":1,"regions_unexplored:redwood_log":10,"minecraft:map":1,"regions_unexplored:redwood_boat":5,"minecraft:lectern":1,"minecraft:cobblestone":20,"minecraft:furnace":6,"minecraft:cooked_cod":1,"minecraft:cooked_beef":2}},"DataVersion":3465}