{"stats":{"minecraft:picked_up":{"minecraft:beef":2,"minecraft:stick":2},"minecraft:custom":{"minecraft:jump":29,"minecraft:time_since_rest":6762,"minecraft:leave_game":2,"minecraft:play_time":6762,"minecraft:sprint_one_cm":919,"minecraft:damage_taken":20,"minecraft:time_since_death":6762,"minecraft:walk_one_cm":8365,"minecraft:sneak_time":8,"minecraft:total_world_time":6762,"minecraft:mob_kills":5,"minecraft:fall_one_cm":822,"minecraft:fly_one_cm":68141},"minecraft:killed":{"minecraft:cow":5}},"DataVersion":3465}