{"stats":{"minecraft:killed":{"minecraft:vindicator":3,"aquamirae:captain_cornelia":1},"minecraft:picked_up":{"aquamirae:oxygen_tank":1,"minecraft:filled_map":1,"aquamirae:three_bolt_helmet":1,"minecraft:jungle_planks":2,"minecraft:crimson_planks":2,"minecraft:jungle_slab":1,"minecraft:dirt":2,"cataclysm:meat_shredder":2,"minecraft:rotten_flesh":1,"minecraft:wheat_seeds":1,"minecraft:spruce_planks":5,"regions_unexplored:clover":12,"minecraft:oak_button":2,"minecraft:spruce_slab":1,"regions_unexplored:purple_lupine":1},"minecraft:dropped":{"minecraft:wheat_seeds":1,"minecraft:oak_button":2,"alexsmobs:animal_dictionary":1,"aquamirae:oxygen_tank":1,"cataclysm:meat_shredder":1},"minecraft:custom":{"minecraft:time_since_rest":32390,"minecraft:interact_with_furnace":1,"lootr:looted_stat":17,"minecraft:sprint_one_cm":71125,"minecraft:damage_taken":580,"minecraft:walk_one_cm":64708,"minecraft:mob_kills":5,"minecraft:drop":6,"minecraft:damage_dealt":56,"minecraft:swim_one_cm":22959,"minecraft:fly_one_cm":1374568,"minecraft:crouch_one_cm":974,"minecraft:play_time":36164,"minecraft:deaths":2,"minecraft:bell_ring":3,"minecraft:sneak_time":1505,"minecraft:walk_under_water_one_cm":55488,"minecraft:jump":204,"minecraft:leave_game":2,"minecraft:walk_on_water_one_cm":10666,"minecraft:time_since_death":32360,"minecraft:total_world_time":36164,"minecraft:fall_one_cm":1360,"minecraft:inspect_dispenser":1,"minecraft:horse_one_cm":99335},"minecraft:killed_by":{"minecraft:pillager":2},"minecraft:used":{"aquamirae:maw_spawn_egg":2,"aquamirae:anglerfish_spawn_egg":1,"aquamirae:eel_spawn_egg":2,"aquamirae:maze_mother_spawn_egg":1,"minecraft:dirt":1,"aquamirae:spinefish_spawn_egg":11,"aquamirae:tortured_soul_spawn_egg":2,"aquamirae:golden_moth_spawn_egg":6,"alexsmobs:animal_dictionary":1,"aquamirae:captain_cornelia_spawn_egg":1,"aquamirae:pillagers_patrol_spawn_egg":2},"minecraft:mined":{"minecraft:spruce_planks":11,"minecraft:jungle_slab":1,"minecraft:grass_block":2,"minecraft:jungle_planks":3,"minecraft:dirt":2,"minecraft:crimson_planks":4,"minecraft:spruce_slab":1}},"DataVersion":3465}