{"stats":{"minecraft:killed":{"alexsmobs:skunk":2,"alexsmobs:raccoon":2,"alexsmobs:tasmanian_devil":1,"minecraft:skeleton":1,"alexsmobs:catfish":1,"minecraft:zombie":1,"endofherobrine:sheep":4,"minecraft:cow":1},"minecraft:dropped":{"minecraft:wheat_seeds":1,"regions_unexplored:redwood_planks":1},"minecraft:crafted":{"minecraft:cooked_beef":2,"minecraft:crafting_table":4,"minecraft:wooden_pickaxe":1,"minecraft:furnace":1,"minecraft:air":0,"regions_unexplored:redwood_planks":96,"minecraft:stick":8,"minecraft:stone_pickaxe":1,"minecraft:wooden_axe":2},"minecraft:broken":{"minecraft:wooden_axe":1},"minecraft:killed_by":{"minecraft:husk":1,"minecraft:skeleton":1,"alexsmobs:leafcutter_ant":1,"creeperoverhaul:spruce_creeper":1,"endofherobrine:sheep":1},"minecraft:picked_up":{"minecraft:rabbit_stew":1,"regions_unexplored:cherry_shrub":1,"minecraft:cooked_rabbit":1,"minecraft:dirt":1,"minecraft:item_frame":1,"minecraft:bone":1,"minecraft:cyan_carpet":3,"minecraft:wheat_seeds":1,"minecraft:beef":2,"regions_unexplored:redwood_sapling":1,"minecraft:dark_oak_sign":5,"minecraft:cyan_candle":4,"alexsmobs:raccoon_tail":2,"minecraft:bamboo":12,"regions_unexplored:redwood_planks":1,"minecraft:dark_oak_stairs":2,"regions_unexplored:redwood_log":24,"minecraft:book":6,"minecraft:stick":8,"minecraft:stripped_mangrove_wood":4,"minecraft:spruce_stairs":1,"minecraft:mangrove_sign":1,"minecraft:cyan_bed":3,"minecraft:mossy_cobblestone":1,"minecraft:dark_oak_planks":6,"alexsmobs:raw_catfish":1,"regions_unexplored:redwood_shrub":1,"minecraft:stripped_dark_oak_wood":2,"minecraft:baked_potato":1,"minecraft:coal":18,"minecraft:cobblestone":12},"minecraft:custom":{"lootr:looted_stat":1,"minecraft:interact_with_furnace":8,"minecraft:mob_kills":13,"minecraft:interact_with_crafting_table":7,"minecraft:eat_cake_slice":1,"minecraft:leave_game":3,"minecraft:time_since_death":10983,"minecraft:time_since_rest":11026,"minecraft:sprint_one_cm":117182,"minecraft:damage_taken":2787,"minecraft:walk_one_cm":295935,"minecraft:drop":2,"minecraft:damage_dealt":1483,"minecraft:swim_one_cm":10220,"minecraft:fly_one_cm":149374,"minecraft:crouch_one_cm":11435,"minecraft:play_time":45781,"minecraft:deaths":9,"minecraft:sneak_time":5499,"minecraft:walk_under_water_one_cm":4556,"minecraft:boat_one_cm":8808,"minecraft:jump":725,"minecraft:walk_on_water_one_cm":8661,"minecraft:total_world_time":45781,"minecraft:fall_one_cm":42840,"minecraft:horse_one_cm":1471},"minecraft:used":{"alexsmobs:raw_catfish":1,"minecraft:dark_oak_stairs":2,"regions_unexplored:redwood_sapling":1,"minecraft:dark_oak_sign":1,"minecraft:stone_pickaxe":27,"minecraft:wooden_pickaxe":3,"minecraft:mossy_cobblestone":1,"minecraft:dirt":1,"regions_unexplored:redwood_planks":39,"minecraft:crafting_table":4,"regions_unexplored:redwood_shrub":1,"minecraft:wooden_axe":52,"minecraft:furnace":1,"minecraft:cooked_beef":2},"minecraft:mined":{"minecraft:dark_oak_planks":6,"regions_unexplored:redwood_shrub":1,"minecraft:grass_block":1,"minecraft:potted_oxeye_daisy":1,"minecraft:cyan_bed":3,"minecraft:large_fern":2,"minecraft:spruce_stairs":1,"regions_unexplored:redwood_planks":1,"regions_unexplored:redwood_leaves":22,"minecraft:dark_oak_stairs":3,"minecraft:stripped_dark_oak_wood":2,"minecraft:bookshelf":2,"regions_unexplored:cherry_shrub":1,"minecraft:coal_ore":18,"minecraft:cyan_carpet":2,"minecraft:bamboo":1,"minecraft:stripped_mangrove_wood":4,"minecraft:stone":12,"regions_unexplored:redwood_log":28,"minecraft:oak_leaves":9,"minecraft:cyan_candle":2}},"DataVersion":3465}